MEMORY
  total           15094 KB
  struct            158 KB
  buffer            600 KB
  arena           14336 KB, used 0.5%

SIZES
  narena                14680064
  nbuffer               614320
  nplugin               0
  maxuse_stack          27388
  maxuse_arena          70804
  maxuse_con            15
  maxuse_efc            67
  ncon                  13
  ne                    0
  nf                    0
  nl                    8
  nefc                  60
  nJ                    1500
  efm_active            0
  nefmK                 0
  nefmdof               0
  nefmL                 0
  nY                    0
  nA                    0
  nisland               1
  nidof                 25
  ntree_awake           1
  nbody_awake           21
  nparent_awake         20
  nv_awake              25
  flg_energypos         0
  flg_energyvel         0
  flg_subtreevel        0
  flg_rnepost           0
  threadpool            0

TIMER
    0:  duration =  4.3e+04    number = 148606
    1:  duration =  4.1e+04    number = 148606
    2:  duration =  0          number = 0
    3:  duration =  2.8e+04    number = 148606
    4:  duration =  2.2e+03    number = 148606
    5:  duration =  8.5e+02    number = 148606
    6:  duration =  8.9e+03    number = 148606
    7:  duration =  1.2e+03    number = 148606
    8:  duration =  3.9e+03    number = 148606
    9:  duration =  1.8e+03    number = 148606
    10:  duration =  1.6e+04    number = 148606
    11:  duration =  5.6e+03    number = 148606
    12:  duration =  84         number = 148606
    13:  duration =  3.7e+03    number = 148606
    14:  duration =  1.3e+04    number = 148606

SOLVER STAT
  solver_fwdinv =   0         0       
  ISLAND 0
    solver_niter = 1
    solver_nnz = 625
      0:  improvement =  4.2e-16     gradient =  1.3e-16     lineslope =  0       
          nactive = 60   nchange = 0   neval = 2   nupdate = 0

ENERGY =   0         0       

TIME =  3e+02   

QPOS
   0.17    
  -0.44    
   0.18    
   0.4     
   0.21    
  -0.76    
  -0.48    
   0.24    
   0.43    
   1.5     
  -0.26    
  -0.87    
  -0.43    
  -0.38    
   1.6     
   1.8     
  -0.87    
   1.2     
   0.27    
   0.43    
   1.5     
  -1       
   0.53    
   0.34    
   1.3     
   1.2     

QVEL
   7.5e-07 
   3.8e-06 
  -3.6e-07 
   2.8e-06 
   1.2e-06 
  -7.9e-07 
   1.6e-08 
  -2.7e-10 
   1e-06   
  -1e-11   
   2.4e-11 
  -1.1e-08 
   2.8e-06 
   4.3e-07 
   0.00023 
  -2.3e-07 
  -0.00047 
   0.00048 
  -0.00018 
   0.00096 
  -0.00082 
  -0.00019 
   7.3e-08 
   1.1e-08 
   0.00077 

QACC_WARMSTART
  -2.2e-08 
  -9.6e-08 
   9.9e-10 
   5.9e-08 
   1e-07   
  -3.4e-08 
   1.2e-08 
  -3.3e-09 
  -1.2e-09 
   6.6e-09 
   1.5e-09 
  -1.9e-07 
  -2.3e-07 
  -8.2e-09 
  -2e-06   
   9.4e-10 
  -2.3e-06 
   2e-06   
   5e-07   
   2.7e-06 
   1.2e-05 
  -8.2e-07 
  -1.8e-09 
  -1.3e-08 
   3.3e-06 

CTRL
   0       
   0       
   0       
   0       
   0       
   0       
   0       
   0       
   0       
   0       
   0       
   0       
   0       
   0       
   0       
   0       
   0       
   0       
   0       

QFRC_APPLIED
   0       
   0       
   0       
   0       
   0       
   0       
   0       
   0       
   0       
   0       
   0       
   0       
   0       
   0       
   0       
   0       
   0       
   0       
   0       
   0       
   0       
   0       
   0       
   0       
   0       

XFRC_APPLIED
   0         0         0         0         0         0       
   0         0         0         0         0         0       
   0         0         0         0         0         0       
   0         0         0         0         0         0       
   0         0         0         0         0         0       
   0         0         0         0         0         0       
   0         0         0         0         0         0       
   0         0         0         0         0         0       
   0         0         0         0         0         0       
   0         0         0         0         0         0       
   0         0         0         0         0         0       
   0         0         0         0         0         0       
   0         0         0         0         0         0       
   0         0         0         0         0         0       
   0         0         0         0         0         0       
   0         0         0         0         0         0       
   0         0         0         0         0         0       
   0         0         0         0         0         0       
   0         0         0         0         0         0       
   0         0         0         0         0         0       
   0         0         0         0         0         0       

QACC
  -2.2e-08 
  -9.6e-08 
   9.9e-10 
   5.9e-08 
   1e-07   
  -3.4e-08 
   1.2e-08 
  -3.3e-09 
  -1.2e-09 
   6.6e-09 
   1.5e-09 
  -1.9e-07 
  -2.3e-07 
  -8.2e-09 
  -2e-06   
   9.4e-10 
  -2.3e-06 
   2e-06   
   5e-07   
   2.7e-06 
   1.2e-05 
  -8.2e-07 
  -1.8e-09 
  -1.3e-08 
   3.3e-06 

TREE_ASLEEP
  -11

XPOS
   0         0         0       
   0.17     -0.44      0.18    
   0.31     -0.5       0.3     
   0.29     -0.52      0.33    
   0.27     -0.43      0.39    
   0.53     -0.21      0.18    
   0.85     -0.035     0.023   
   0.3      -0.58      0.15    
   0.28     -0.61      0.15    
   0.26     -0.6       0.033   
   0.49     -0.27      0.033   
   0.13     -0.11      0.091   
   0.17     -0.44      0.18    
  -0.089    -0.075     0.079   
  -0.063    -0.025     0.062   
   0.068    -0.053     0.049   
   0.26     -0.077     0.028   
  -0.27     -0.33      0.1     
  -0.31     -0.37      0.093   
  -0.18     -0.4       0.068   
   0.01     -0.43      0.039   

XQUAT
   1         0         0         0       
   0.4       0.21     -0.76     -0.48    
   0.45      0.12     -0.77     -0.43    
   0.42      0.21     -0.85     -0.25    
   0.88      0.32     -0.35     -0.044   
   0.83      0.32     -0.46     -0.086   
   0.56      0.25     -0.76     -0.21    
   0.29      0.36     -0.69     -0.55    
   0.35      0.3      -0.58     -0.67    
   0.66      0.69     -0.16     -0.26    
   0.54      0.64      0.4       0.36    
   0.66      0.73      0.14      0.06    
   0.6      -0.27     -0.74     -0.16    
   0.74     -0.13     -0.66     -0.014   
   0.74     -0.13     -0.66     -0.015   
   0.55     -0.55     -0.39      0.5     
   0.29     -0.23     -0.61      0.7     
   0.69     -0.29     -0.52     -0.41    
   0.75     -0.0083   -0.64     -0.18    
   0.71     -0.39     -0.5       0.31    
   0.87     -0.5      -0.028     0.042   

XMAT
   1         0         0         0         1         0         0         0         1       
  -0.6       0.067    -0.8      -0.69      0.46      0.55      0.41      0.88     -0.23    
  -0.56      0.2      -0.8      -0.57      0.61      0.55      0.6       0.77     -0.23    
  -0.56     -0.15     -0.81     -0.57      0.79      0.25      0.6       0.6      -0.53    
   0.75     -0.15     -0.64     -0.3       0.79     -0.54      0.58      0.6       0.55    
   0.56     -0.15     -0.81     -0.43      0.79     -0.44      0.7       0.6       0.38    
  -0.26     -0.15     -0.96     -0.62      0.79      0.044     0.74      0.6      -0.29    
  -0.57     -0.19     -0.8      -0.82      0.13      0.55     -0.00095   0.97     -0.23    
  -0.57      0.12     -0.81     -0.82     -0.086     0.56     -0.00095   0.99      0.15    
   0.81      0.12     -0.57     -0.56     -0.086    -0.82     -0.15      0.99     -0.00088 
   0.41      0.12      0.9       0.91     -0.086    -0.4       0.028     0.99     -0.15    
   0.96      0.12      0.27      0.28     -0.086    -0.96     -0.094     0.99     -0.12    
  -0.14      0.58     -0.8       0.2       0.81      0.55      0.97     -0.083    -0.23    
   0.13      0.19     -0.97      0.15      0.97      0.21      0.98     -0.17      0.097   
   0.13      0.19     -0.97      0.15      0.97      0.21      0.98     -0.17      0.096   
   0.2      -0.12     -0.97      0.97     -0.089     0.21     -0.11     -0.99      0.096   
  -0.73     -0.12     -0.67      0.68     -0.089    -0.73      0.025    -0.99      0.15    
   0.12      0.87     -0.48     -0.26      0.5       0.83      0.96      0.022     0.29    
   0.12      0.28     -0.95     -0.26      0.94      0.24      0.96      0.22      0.19    
   0.3      -0.046    -0.95      0.83      0.5       0.24      0.46     -0.87      0.19    
   0.99     -0.046    -0.09      0.1       0.5       0.86      0.0058   -0.87      0.5     

XIPOS
   0         0         0       
   0.2      -0.46      0.19    
   0.33     -0.46      0.27    
   0.29     -0.52      0.32    
   0.33     -0.4       0.34    
   0.64     -0.15      0.12    
   0.88     -0.078     0.087   
   0.32     -0.53      0.14    
   0.28     -0.6       0.15    
   0.32     -0.54      0.055   
   0.37     -0.22      0.058   
   0.18     -0.048     0.09    
   0.003    -0.32      0.14    
  -0.063    -0.026     0.073   
   0.029    -0.044     0.053   
   0.23     -0.075     0.029   
   0.16      0.043     0.03    
  -0.31     -0.37      0.1     
  -0.22     -0.39      0.076   
  -0.025    -0.43      0.046   
   0.17     -0.43      0.032   

XIMAT
   1         0         0         0         1         0         0         0         1       
  -0.8       0.6      -0.069     0.56      0.69     -0.46     -0.23     -0.41     -0.88    
   0.2      -0.022    -0.98      0.55      0.83      0.093     0.81     -0.55      0.18    
  -0.81      0.27     -0.52      0.21     -0.69     -0.69     -0.55     -0.67      0.5     
   0.75      0.078    -0.66     -0.58      0.55     -0.59      0.32      0.83      0.46    
  -0.26     -0.43     -0.86      0.86      0.3      -0.41      0.44     -0.85      0.29    
  -0.031    -0.99     -0.11      0.78      0.046    -0.62      0.62     -0.11      0.78    
  -0.18     -0.018    -0.98      0.21      0.98     -0.057     0.96     -0.22     -0.18    
  -0.81     -0.25     -0.53      0.55     -0.028    -0.83      0.19     -0.97      0.16    
   0.79     -0.13     -0.6      -0.56      0.22     -0.8       0.24      0.97      0.1     
   0.21     -0.47      0.86      0.11     -0.86     -0.5       0.97      0.2      -0.13    
   0.17      0.39      0.91     -0.19     -0.89      0.42      0.97     -0.24     -0.073   
  -0.15      0.58     -0.8       0.2       0.81      0.56      0.97     -0.075    -0.23    
   0.1      -0.86     -0.5       0.12      0.51     -0.85      0.99      0.028     0.15    
   0.3      -0.23     -0.93      0.95     -0.04      0.32     -0.11     -0.97      0.2     
  -0.14     -0.089    -0.99     -0.094    -0.99      0.1      -0.99      0.11      0.13    
  -0.72     -0.051    -0.7      -0.69     -0.066     0.72     -0.083     1         0.011   
   0.15     -0.74     -0.65     -0.22      0.62     -0.75      0.96      0.26     -0.073   
   0.17     -0.26     -0.95      0.97      0.21      0.12      0.16     -0.94      0.29    
  -0.024    -0.19     -0.98      0.5      -0.85      0.16     -0.86     -0.49      0.12    
  -0.028     0.047     1         0.73     -0.68      0.052     0.69      0.73     -0.015   

XANCHOR
   0.17     -0.44      0.18    
   0.31     -0.5       0.3     
   0.29     -0.52      0.33    
   0.27     -0.43      0.39    
   0.53     -0.21      0.18    
   0.85     -0.035     0.023   
   0.3      -0.58      0.15    
   0.28     -0.61      0.15    
   0.26     -0.6       0.033   
   0.49     -0.27      0.033   
   0.13     -0.11      0.091   
   0.17     -0.44      0.18    
  -0.089    -0.075     0.079   
  -0.063    -0.025     0.062   
   0.068    -0.053     0.049   
   0.26     -0.077     0.028   
  -0.27     -0.33      0.1     
  -0.31     -0.37      0.093   
  -0.18     -0.4       0.068   
   0.01     -0.43      0.039   

XAXIS
   0         0         1       
  -0.8       0.55     -0.23    
  -0.56     -0.57      0.6     
  -0.15      0.79      0.6     
  -0.15      0.79      0.6     
  -0.15      0.79      0.6     
  -0.8       0.55     -0.23    
  -0.57     -0.82     -0.00095 
   0.12     -0.086     0.99    
   0.12     -0.086     0.99    
   0.12     -0.086     0.99    
  -0.8       0.55     -0.23    
   0.19      0.97     -0.17    
   0.13      0.15      0.98    
  -0.97      0.21      0.096   
  -0.12     -0.089    -0.99    
   0.87      0.5       0.022   
   0.12     -0.26      0.96    
  -0.95      0.24      0.19    
  -0.046     0.5      -0.87    

GEOM_XPOS
   0         0         0       
   0.2      -0.46      0.19    
   0.31     -0.46      0.27    
   0.35     -0.46      0.26    
   0.3      -0.51      0.31    
   0.29     -0.53      0.31    
   0.37     -0.38      0.32    
   0.39     -0.33      0.29    
   0.41     -0.33      0.3     
   0.28     -0.48      0.35    
   0.66     -0.15      0.12    
   0.7      -0.13      0.11    
   0.62     -0.16      0.13    
   0.88     -0.081     0.09    
   0.9      -0.032     0.032   
   0.88     -0.079     0.088   
   0.87     -0.12      0.14    
   0.29     -0.53      0.14    
   0.34     -0.52      0.15    
   0.29     -0.59      0.16    
   0.28     -0.61      0.17    
   0.35     -0.5       0.05    
   0.37     -0.44      0.033   
   0.39     -0.45      0.03    
   0.27     -0.61      0.1     
   0.35     -0.2       0.058   
   0.32     -0.17      0.063   
   0.39     -0.22      0.05    
   0.18     -0.045     0.09    
   0.11     -0.064     0.098   
   0.18     -0.043     0.091   
   0.25     -0.017     0.085   
  -0.15     -0.22      0.11    
  -0.14     -0.23      0.097   
  -0.35     -0.076     0.087   
  -0.39     -0.054     0.073   
  -0.035    -0.3       0.13    
   0.21     -0.47      0.2     
  -0.066    -0.031     0.063   
   0.021    -0.042     0.067   
  -0.063    -0.055     0.067   
   0.2      -0.072     0.035   
   0.092    -0.059     0.047   
   0.15      0.049     0.03    
   0.17      0.024     0.03    
   0.069     0.12      0.033   
  -0.31     -0.36      0.094   
  -0.23     -0.39      0.09    
  -0.3      -0.34      0.099   
  -0.054    -0.42      0.048   
  -0.16     -0.41      0.063   
   0.18     -0.43      0.032   
   0.15     -0.42      0.036   
   0.29     -0.42      0.033   

GEOM_XMAT
   1         0         0         0         1         0         0         0         1       
  -0.8       0.6      -0.067     0.55      0.69     -0.46     -0.23     -0.41     -0.88    
   0.043     0.2      -0.98     -0.79      0.61      0.093     0.62      0.77      0.19    
   0.8       0.2      -0.56     -0.55      0.61     -0.57      0.23      0.77      0.6     
  -0.28     -0.81     -0.51      0.62      0.25     -0.74      0.73     -0.53      0.44    
  -0.56     -0.81      0.15     -0.57      0.25     -0.79      0.6      -0.53     -0.6     
   0.74      0.059    -0.67     -0.58      0.56     -0.59      0.34      0.82      0.45    
  -0.69     -0.15      0.71      0.35      0.79      0.51     -0.63      0.6      -0.49    
   0.75      0.15      0.64     -0.3      -0.79      0.54      0.58     -0.6      -0.55    
   0.75     -0.64      0.15     -0.3      -0.54     -0.79      0.58      0.55     -0.6     
  -0.2      -0.51     -0.84      0.82      0.38     -0.43      0.53     -0.77      0.34    
   0.56      0.15      0.81     -0.43     -0.79      0.44      0.7      -0.6      -0.38    
   0.56     -0.15     -0.81     -0.43      0.79     -0.44      0.7       0.6       0.38    
  -0.98      0.15     -0.13     -0.033    -0.79     -0.62     -0.2      -0.6       0.77    
  -0.89     -0.15      0.44      0.16      0.79      0.6      -0.43      0.6      -0.67    
  -0.98     -0.15      0.15     -0.027     0.79      0.62     -0.21      0.6      -0.77    
  -0.26     -0.96      0.15     -0.62      0.044    -0.79      0.74     -0.29     -0.6     
   0.038    -0.19     -0.98     -0.99      0.13     -0.064     0.14      0.97     -0.18    
   0.8      -0.19     -0.57     -0.55      0.13     -0.82      0.23      0.97     -0.00096 
   0.26     -0.81     -0.52      0.12      0.56     -0.82      0.96      0.15      0.24    
  -0.57     -0.81     -0.12     -0.82      0.56      0.086    -0.00095   0.15     -0.99    
   0.79     -0.11     -0.6      -0.57      0.21     -0.79      0.22      0.97      0.1     
  -0.76      0.12      0.64      0.64     -0.086     0.77      0.15      0.99     -0.013   
   0.81     -0.12      0.57     -0.56      0.086     0.82     -0.15     -0.99      0.00088 
   0.81     -0.57     -0.12     -0.56     -0.82      0.086    -0.15     -0.00088  -0.99    
   0.16     -0.44      0.88      0.001    -0.89     -0.45      0.99      0.072    -0.14    
   0.41     -0.12     -0.9       0.91      0.086     0.4       0.028    -0.99      0.15    
   0.41      0.12      0.9       0.91     -0.086    -0.4       0.028     0.99     -0.15    
   0.39     -0.12      0.91     -0.91      0.086     0.4      -0.13     -0.99     -0.078   
   0.077     0.12     -0.99     -0.99     -0.086    -0.088    -0.095     0.99      0.11    
   0.38      0.12     -0.92     -0.92     -0.086    -0.39     -0.13      0.99      0.08    
   0.96      0.27     -0.12      0.28     -0.96      0.086    -0.094    -0.12     -0.99    
  -0.072     0.58     -0.81      0.15      0.81      0.57      0.99     -0.083    -0.15    
  -0.81     -0.56     -0.19      0.54     -0.83      0.13     -0.23      0.0044    0.97    
  -0.14      0.58     -0.8       0.2       0.81      0.55      0.97     -0.083    -0.23    
  -0.14      0.58     -0.8       0.2       0.81      0.55      0.97     -0.083    -0.23    
  -0.14      0.58     -0.8       0.2       0.81      0.55      0.97     -0.083    -0.23    
  -0.14     -0.8      -0.58      0.2       0.55     -0.81      0.97     -0.23      0.083   
   0.16     -0.87     -0.48      0.22      0.5      -0.84      0.96      0.029     0.27    
   0.55      0.2      -0.81      0.1       0.95      0.31      0.83     -0.25      0.5     
   0.13      0.98     -0.14      0.15      0.12      0.98      0.98     -0.15     -0.13    
  -0.13     -0.08     -0.99     -0.093    -0.99      0.092    -0.99      0.1       0.12    
   0.2      -0.12     -0.97      0.97     -0.089     0.21     -0.11     -0.99      0.096   
  -0.7       0.14     -0.7      -0.69      0.11      0.72      0.18      0.98      0.017   
  -0.71     -0.12      0.69     -0.69     -0.089    -0.72      0.15     -0.99     -0.018   
  -0.73     -0.12     -0.67      0.68     -0.089    -0.73      0.025    -0.99      0.15    
   0.068    -0.73     -0.68     -0.31      0.63     -0.71      0.95      0.26     -0.18    
   0.5       0.27     -0.82     -0.4       0.92      0.058     0.77      0.3       0.57    
   0.12     -0.81     -0.58     -0.26      0.54     -0.8       0.96      0.25     -0.14    
  -0.035    -0.18     -0.98      0.5      -0.85      0.14     -0.86     -0.49      0.12    
   0.3      -0.046    -0.95      0.83      0.5       0.24      0.46     -0.87      0.19    
  -0.043     0.043     1         0.88     -0.47      0.058     0.47      0.88     -0.017   
  -0.037    -0.046    -1         0.86      0.5      -0.055     0.5      -0.87      0.021   
   0.99     -0.046    -0.09      0.1       0.5       0.86      0.0058   -0.87      0.5     

SITE_XPOS
  -0.062    -0.31      0.079   

SITE_XMAT
  -0.14      0.58     -0.8       0.2       0.81      0.55      0.97     -0.083    -0.23    

LIGHT_XPOS
   2         0         2.5     
   0         0         3.5     

LIGHT_XDIR
  -0.64     -0.094    -0.76    
   0         0        -1       

SUBTREE_COM
   0.17     -0.37      0.15    
   0.17     -0.37      0.15    
   0.4      -0.39      0.28    
   0.41     -0.37      0.28    
   0.45     -0.31      0.26    
   0.69     -0.14      0.11    
   0.88     -0.078     0.087   
   0.31     -0.48      0.095   
   0.31     -0.47      0.082   
   0.32     -0.42      0.058   
   0.33     -0.18      0.065   
   0.18     -0.048     0.09    
  -0.0038   -0.29      0.12    
   0.077    -0.029     0.049   
   0.14     -0.03      0.038   
   0.2      -0.023     0.029   
   0.16      0.043     0.03    
  -0.12     -0.4       0.068   
  -0.036    -0.42      0.052   
   0.062    -0.43      0.039   
   0.17     -0.43      0.032   

CDOF
   0         0         0         1         0         0       
   0         0         0         0         1         0       
   0         0         0         0         0         1       
  -0.6      -0.69      0.41     -0.0069   -0.017    -0.04    
   0.067     0.46      0.88     -0.076     0.0044    0.0035  
  -0.8       0.55     -0.23     -0.0013   -0.025    -0.057   
  -0.8       0.55     -0.23     -0.053    -0.086    -0.022   
  -0.56     -0.57      0.6       0.0082   -0.17     -0.15    
  -0.15      0.79      0.6      -0.22     -0.098     0.073   
  -0.15      0.79      0.6       0.078    -0.22      0.31    
  -0.15      0.79      0.6       0.3      -0.39      0.59    
  -0.8       0.55     -0.23      0.051     0.035    -0.093   
  -0.57     -0.82     -0.00095  -0.0054    0.004    -0.23    
   0.12     -0.086     0.99     -0.24     -0.11      0.02    
   0.12     -0.086     0.99      0.088    -0.33     -0.04    
   0.12     -0.086     0.99      0.25      0.031    -0.028   
  -0.8       0.55     -0.23     -0.0013   -0.025    -0.057   
   0.19      0.97     -0.17      0.022    -0.058    -0.3     
   0.13      0.15      0.98      0.35      0.21     -0.079   
  -0.97      0.21      0.096     0.053     0.11      0.29    
  -0.12     -0.089    -0.99     -0.3       0.11      0.026   
   0.87      0.5       0.022     0.025    -0.033    -0.26    
   0.12     -0.26      0.96     -0.012     0.45      0.12    
  -0.95      0.24      0.19      0.015     0.15     -0.11    
  -0.046     0.5      -0.87      0.11     -0.13     -0.082   

CINERT
   0         0         0         0         0         0         0         0         0         0       
   0.1       0.053     0.071     0.014    -0.0089    0.0055    0.18     -0.51      0.22      5.4     
   0.052     0.095     0.084     0.035    -0.043     0.025     0.37     -0.21      0.26      2.2     
   0.11      0.099     0.085     0.041    -0.046     0.055     0.28     -0.33      0.37      2.2     
   0.2       0.31      0.18     -0.0074   -0.1       0.047     0.68     -0.14      0.77      4.2     
   0.087     0.4       0.47     -0.18      0.031     0.014     0.81      0.37     -0.06      1.7     
   0.042     0.23      0.26     -0.093     0.021     0.0097    0.32      0.13     -0.03      0.45    
   0.061     0.056     0.11      0.056     0.0027   -0.0031    0.34     -0.36     -0.019     2.2     
   0.13      0.03      0.15      0.059     0.0009   -0.0019    0.25     -0.52     -0.0081    2.2     
   0.21      0.17      0.29      0.068     0.066    -0.063     0.62     -0.7      -0.41      4.2     
   0.061     0.092     0.12     -0.048     0.033     0.025     0.34      0.26     -0.16      1.7     
   0.049     0.0037    0.049    -0.0026    0.00049   0.0091    0.0056    0.14     -0.028     0.45    
   0.27      0.81      0.99      0.26     -0.11      0.064    -2.9       0.82     -0.28      18      
   0.13      0.063     0.18      0.082    -0.019     0.029    -0.24      0.36     -0.083     1       
   0.094     0.025     0.1       0.036    -0.011     0.026    -0.11      0.26     -0.079     0.79    
   0.087     0.02      0.08     -0.015     0.0067    0.031     0.051     0.25     -0.1       0.84    
   0.13      0.013     0.12      0.0055   -0.00076   0.034    -0.0065    0.28     -0.083     0.67    
   0.0035    0.24      0.24      0.0015   -0.024     8.8e-05  -0.49      0.0032   -0.051     1       
   0.0062    0.13      0.12     -0.0061   -0.024    -0.0012   -0.31     -0.016    -0.062     0.79    
   0.013     0.045     0.038    -0.0089   -0.017    -0.0054   -0.16     -0.049    -0.09      0.84    
   0.013     0.016     0.0083   -0.00023   0.00022  -0.0047    0.0012   -0.039    -0.081     0.67    

ACTUATOR_LENGTH
   0.24    
   0.43    
   1.5     
  -0.26    
  -0.87    
  -0.43    
  -0.38    
   1.6     
   1.8     
  -0.87    
   1.2     
   0.27    
   0.43    
   1.5     
  -1       
   0.53    
   0.34    
   1.3     
   1.2     

actuator_moment
---------------------------
       x                   |
        x                  |
         x                 |
          x                |
           x               |
            x              |
             x             |
              x            |
               x           |
                x          |
                 x         |
                  x        |
                   x       |
                    x      |
                     x     |
                      x    |
                       x   |
                        x  |
                         x |
---------------------------

ACTUATOR_MOMENT
     6:  1       
     7:  1       
     8:  1       
     9:  1       
    10:  1       
    11:  1       
    12:  1       
    13:  1       
    14:  1       
    15:  1       
    16:  1       
    17:  1       
    18:  1       
    19:  1       
    20:  1       
    21:  1       
    22:  1       
    23:  1       
    24:  1       

CRB
   0         0         0         0         0         0         0         0         0         0       
   1.9       2.9       3.8       0.3      -0.24      0.29      2.2e-15  -2.1e-15   4.4e-16   51      
   0.49      1.1       1.1      -0.2      -0.14      0.15      2.5      -0.18      1.3       11      
   0.44      1         1        -0.24     -0.098     0.13      2.1       0.033     1.1       8.6     
   0.33      0.94      0.92     -0.28     -0.052     0.071     1.8       0.36      0.68      6.3     
   0.13      0.62      0.74     -0.27      0.052     0.024     1.1       0.5      -0.09      2.2     
   0.042     0.23      0.26     -0.093     0.021     0.0097    0.32      0.13     -0.03      0.45    
   0.51      0.35      0.73      0.13      0.1      -0.034     1.6      -1.2      -0.63      11      
   0.45      0.29      0.61      0.076     0.1      -0.031     1.2      -0.81     -0.61      8.6     
   0.32      0.26      0.46      0.017     0.1      -0.029     0.97     -0.29     -0.6       6.3     
   0.11      0.096     0.17     -0.05      0.034     0.034     0.34      0.41     -0.19      2.2     
   0.049     0.0037    0.049    -0.0026    0.00049   0.0091    0.0056    0.14     -0.028     0.45    
   0.75      1.4       1.9       0.35     -0.2       0.17     -4.2       1.9      -0.91      24      
   0.44      0.12      0.48      0.11     -0.024     0.12     -0.3       1.1      -0.35      3.3     
   0.31      0.058     0.3       0.027    -0.005     0.091    -0.066     0.78     -0.27      2.3     
   0.21      0.033     0.2      -0.0091    0.006     0.065     0.044     0.52     -0.19      1.5     
   0.13      0.013     0.12      0.0055   -0.00076   0.034    -0.0065    0.28     -0.083     0.67    
   0.036     0.43      0.4      -0.014    -0.065    -0.011    -0.96     -0.1      -0.28      3.3     
   0.032     0.19      0.17     -0.015    -0.041    -0.011    -0.47     -0.1      -0.23      2.3     
   0.026     0.061     0.046    -0.0091   -0.017    -0.01     -0.16     -0.088    -0.17      1.5     
   0.013     0.016     0.0083   -0.00023   0.00022  -0.0047    0.0012   -0.039    -0.081     0.67    

M
     0:  51      
     0:  0          1:  51      
     0:  0          1:  0          2:  51      
     0: -0.35       1: -0.89       2: -2          3:  3       
     0: -3.9        1:  0.23       2:  0.18       3:  0.27       4:  4.1     
     0: -0.065      1: -1.3        2: -2.9        3: -0.21       4:  0.061      5:  2       
     0:  0.11       1: -0.43       2: -1.5        3: -0.34       4:  0.058      5:  0.85       6:  0.92    
     0: -0.55       1:  0.4        2: -0.13       3:  0.13       4:  0.23       5: -0.085      6: -0.086      7:  0.22    
     0: -1.1        1:  0.57       2: -1          3:  0.0023     4:  0.78       5:  0.39       6:  0.37       7:  0.18       8:  0.98    
     0: -0.2        1:  0.19       2: -0.3        3: -0.015      4:  0.25       5:  0.13       6:  0.12       7:  0.042      8:  0.27       9:  0.21    
     0:  0.034      1:  0.011      2: -0.0061     3: -0.0023     4: -0.0015     5:  0.0034     6:  0.00076    7: -0.0025     8: -0.0063     9:  0.0011    10:  0.11    
     0: -0.068      1: -0.48       2: -0.93       3: -0.027      4: -0.054      5:  0.4       11:  0.5     
     0:  0.46       1: -0.31       2: -0.46       3:  0.091      4: -0.078      5:  0.14      11:  0.16      12:  0.28    
     0: -1.2        1:  0.35       2:  0.17       3:  0.025      4:  0.39       5: -0.097     11: -0.14      12: -0.13      13:  0.64    
     0: -0.2        1: -0.36       2: -0.0068     3:  0.021      4:  0.033      5:  0.038     11:  0.0061    12:  0.0047    13:  0.097     14:  0.21    
     0: -0.027      1:  0.023      2:  0.0054     3:  0.0011     4:  0.013      5: -0.0054    11: -0.0056    12: -0.0041    13:  0.015     14:  0.0011    15:  0.11    
     0: -0.11       1: -0.39       2: -0.56       3:  0.16       4:  0.0037     5:  0.55      16:  0.65    
     0: -0.07       1: -0.075      2: -0.5        3:  0.12       4:  0.018      5:  0.17      16:  0.17      17:  0.24    
     0:  0.0032     1:  0.46       2: -0.07       3: -0.02       4:  0.021      5: -0.038     16: -0.038     17: -0.00013   18:  0.23    
     0: -0.011      1: -0.01       2: -0.086      3:  0.029      4:  0.0018     5:  0.035     16:  0.035     17:  0.018     18:  0.0003    19:  0.11    
     0:  0.079      1:  0.07       2: -0.016      3: -0.011      4: -0.045      5:  0.001     16:  0.001     17: -0.00071   18:  0.0043    19: -1.6e-05   20:  0.12    
     0: -0.055      1:  0.12       2: -0.46       3:  0.023      4: -0.036      5: -0.033     16: -0.033     21:  0.22    
     0:  0.13       1:  0.62       2:  0.15       3: -0.076      4: -0.051      5: -0.062     16: -0.062     21: -0.0036    22:  0.35    
     0: -0.0019     1:  0.03       2: -0.047      3: -0.0023     4:  0.00067    5: -0.0018    16: -0.0018    21:  0.016     22:  0.0079    23:  0.1     
     0: -0.00092    1: -0.093      2: -0.053      3:  0.0043     4: -0.0044     5:  0.015     16:  0.015     21:  0.011     22: -0.056     23: -2e-05     24:  0.12    

QLD
     0:  45      
     0:  0.024      1:  46      
     0: -0.014      1: -0.043      2:  43      
     0:  0.016      1: -0.37       2: -0.79       3:  2.6     
     0: -0.66       1: -0.21       2:  0.2        3:  0.04       4:  3.1     
     0:  0.06       1: -0.26       2: -0.72       3: -0.064      4:  0.00068    5:  0.46    
     0:  0.36       1: -0.63       2: -1.6        3: -0.36       4: -0.26       5:  0.88       6:  0.65    
     0: -1.9        1:  1.6        2:  0.27       3:  0.71       4:  0.49       5: -0.83       6: -0.82       7:  0.18    
     0: -1.3        1:  0.52       2: -1          3:  0.032      4:  0.72       5:  0.34       6:  0.34       7:  0.19       8:  0.64    
     0: -0.95       1:  0.89       2: -1.4        3: -0.07       4:  1.2        5:  0.63       6:  0.58       7:  0.2        8:  1.3        9:  0.21    
     0:  0.32       1:  0.11       2: -0.058      3: -0.022      4: -0.014      5:  0.032      6:  0.0073     7: -0.024      8: -0.06       9:  0.011     10:  0.11    
     0: -1.1        1: -0.62       2: -1.7        3: -0.18       4:  0.087      5:  0.78      11:  0.39    
     0:  0.87       1: -0.77       2: -1.7        3:  0.37       4:  0.021      5:  0.46      11:  0.52      12:  0.25    
     0: -1.8        1:  0.86       2:  0.3        3:  0.026      4:  0.63       5: -0.19      11: -0.24      12: -0.22      13:  0.59    
     0: -0.91       1: -1.7        2: -0.032      3:  0.098      4:  0.16       5:  0.18      11:  0.029     12:  0.022     13:  0.45      14:  0.21    
     0: -0.26       1:  0.22       2:  0.051      3:  0.01       4:  0.12       5: -0.051     11: -0.053     12: -0.039     13:  0.15      14:  0.011     15:  0.11    
     0: -0.09       1: -0.26       2: -0.47       3:  0.11       4: -0.039      5:  0.8       16:  0.5     
     0: -0.29       1: -0.31       2: -2.1        3:  0.51       4:  0.076      5:  0.73      16:  0.73      17:  0.23    
     0:  0.0022     1:  2          2: -0.3        3: -0.084      4:  0.1        5: -0.17      16: -0.17      17: -0.00068   18:  0.23    
     0: -0.096      1: -0.089      2: -0.77       3:  0.26       4:  0.016      5:  0.31      16:  0.31      17:  0.16      18:  0.0027    19:  0.11    
     0:  0.64       1:  0.57       2: -0.13       3: -0.087      4: -0.37       5:  0.0081    16:  0.0081    17: -0.0058    18:  0.035     19: -0.00013   20:  0.12    
     0: -0.25       1:  0.55       2: -2.1        3:  0.11       4: -0.17       5: -0.16      16: -0.16      21:  0.22    
     0:  0.4        1:  1.8        2:  0.4        3: -0.23       4: -0.16       5: -0.17      16: -0.17      21:  0.00044   22:  0.33    
     0: -0.018      1:  0.28       2: -0.45       3: -0.022      4:  0.0064     5: -0.017     16: -0.017     21:  0.15      22:  0.075     23:  0.1     
     0: -0.0074     1: -0.75       2: -0.43       3:  0.035      4: -0.036      5:  0.12      16:  0.12      21:  0.089     22: -0.45      23: -0.00017   24:  0.12    

QLDIAGINV
   0.022   
   0.022   
   0.023   
   0.38    
   0.32    
   2.2     
   1.5     
   5.4     
   1.6     
   4.7     
   9.5     
   2.5     
   4       
   1.7     
   4.7     
   9.5     
   2       
   4.3     
   4.4     
   9       
   8.1     
   4.6     
   3.1     
   9.5     
   8.1     

M: inertia structure
---------------------------
 x                         |
 xx                        |
 xxx                       |
 xxxx                      |
 xxxxx                     |
 xxxxxx                    |
 xxxxxxx                   |
 xxxxxxxx                  |
 xxxxxxxxx                 |
 xxxxxxxxxx                |
 xxxxxxxxxxx               |
 xxxxxx     x              |
 xxxxxx     xx             |
 xxxxxx     xxx            |
 xxxxxx     xxxx           |
 xxxxxx     xxxxx          |
 xxxxxx          x         |
 xxxxxx          xx        |
 xxxxxx          xxx       |
 xxxxxx          xxxx      |
 xxxxxx          xxxxx     |
 xxxxxx          x    x    |
 xxxxxx          x    xx   |
 xxxxxx          x    xxx  |
 xxxxxx          x    xxxx |
---------------------------

iM: block-diagonal inertia (nnzs are island ids)
---------------------------
 0                         |
 00                        |
 000                       |
 0000                      |
 00000                     |
 000000                    |
 0000000                   |
 00000000                  |
 000000000                 |
 0000000000                |
 00000000000               |
 000000     0              |
 000000     00             |
 000000     000            |
 000000     0000           |
 000000     00000          |
 000000          0         |
 000000          00        |
 000000          000       |
 000000          0000      |
 000000          00000     |
 000000          0    0    |
 000000          0    00   |
 000000          0    000  |
 000000          0    0000 |
---------------------------

QH
     0:  45      
     0:  0.024      1:  46      
     0: -0.014      1: -0.043      2:  43      
     0:  0.015      1: -0.37       2: -0.8        3:  2.6     
     0: -0.66       1: -0.21       2:  0.2        3:  0.04       4:  3.1     
     0:  0.058      1: -0.27       2: -0.73       3: -0.065      4:  3.6e-05    5:  0.46    
     0:  0.36       1: -0.63       2: -1.6        3: -0.36       4: -0.26       5:  0.88       6:  0.65    
     0: -1.9        1:  1.6        2:  0.26       3:  0.7        4:  0.49       5: -0.82       6: -0.81       7:  0.19    
     0: -1.3        1:  0.52       2: -1          3:  0.032      4:  0.72       5:  0.34       6:  0.34       7:  0.19       8:  0.65    
     0: -0.94       1:  0.88       2: -1.4        3: -0.069      4:  1.2        5:  0.62       6:  0.57       7:  0.19       8:  1.2        9:  0.22    
     0:  0.32       1:  0.1        2: -0.057      3: -0.021      4: -0.014      5:  0.032      6:  0.0071     7: -0.023      8: -0.059      9:  0.011     10:  0.11    
     0: -1.1        1: -0.62       2: -1.7        3: -0.18       4:  0.086      5:  0.78      11:  0.4     
     0:  0.87       1: -0.76       2: -1.7        3:  0.37       4:  0.02       5:  0.46      11:  0.52      12:  0.25    
     0: -1.8        1:  0.85       2:  0.3        3:  0.026      4:  0.63       5: -0.19      11: -0.24      12: -0.22      13:  0.59    
     0: -0.91       1: -1.7        2: -0.032      3:  0.097      4:  0.15       5:  0.18      11:  0.029     12:  0.022     13:  0.45      14:  0.22    
     0: -0.25       1:  0.21       2:  0.05       3:  0.01       4:  0.12       5: -0.05      11: -0.052     12: -0.039     13:  0.14      14:  0.011     15:  0.11    
     0: -0.091      1: -0.26       2: -0.47       3:  0.11       4: -0.039      5:  0.8       16:  0.5     
     0: -0.29       1: -0.31       2: -2.1        3:  0.5        4:  0.076      5:  0.72      16:  0.72      17:  0.23    
     0:  0.0024     1:  2          2: -0.3        3: -0.083      4:  0.099      5: -0.17      16: -0.17      17: -0.00067   18:  0.23    
     0: -0.094      1: -0.088      2: -0.76       3:  0.25       4:  0.015      5:  0.31      16:  0.31      17:  0.16      18:  0.0027    19:  0.11    
     0:  0.63       1:  0.56       2: -0.13       3: -0.086      4: -0.36       5:  0.008     16:  0.008     17: -0.0057    18:  0.034     19: -0.00013   20:  0.13    
     0: -0.25       1:  0.55       2: -2.1        3:  0.11       4: -0.16       5: -0.16      16: -0.16      21:  0.22    
     0:  0.4        1:  1.7        2:  0.39       3: -0.22       4: -0.16       5: -0.17      16: -0.17      21:  0.00027   22:  0.33    
     0: -0.017      1:  0.28       2: -0.44       3: -0.022      4:  0.0063     5: -0.017     16: -0.017     21:  0.15      22:  0.074     23:  0.11    
     0: -0.0073     1: -0.74       2: -0.43       3:  0.034      4: -0.035      5:  0.12      16:  0.12      21:  0.088     22: -0.44      23: -0.00016   24:  0.13    

QHDIAGINV
   0.022   
   0.022   
   0.023   
   0.38    
   0.32    
   2.2     
   1.5     
   5.4     
   1.5     
   4.6     
   9.3     
   2.5     
   3.9     
   1.7     
   4.6     
   9.3     
   2       
   4.3     
   4.3     
   8.8     
   8       
   4.6     
   3       
   9.4     
   8       

TREE_AWAKE
  1

BODY_AWAKE
  -1 1 1 1 1 1 1 1 1 1 1 1 1 1 1 1 1 1 1 1 1

BODY_AWAKE_IND
  0 1 2 3 4 5 6 7 8 9 10 11 12 13 14 15 16 17 18 19 20

PARENT_AWAKE_IND
  1 2 3 4 5 6 7 8 9 10 11 12 13 14 15 16 17 18 19 20

DOF_AWAKE_IND
  0 1 2 3 4 5 6 7 8 9 10 11 12 13 14 15 16 17 18 19 20 21 22 23 24

CONTACT
  0:
     dim           3
     geoms         floor : 14
     exclude       0
     efc_address   8
     solref         0.02      1       
     solimp         0.9       0.95      0.001     0.5       2       
     dist          -0.00037 
     includemargin  0       
     pos            0.91     -0.016    -0.00019 
     frame          0         0         1         0.59      0.81      0        -0.81      0.59      0       
     friction       1         1         0.005     0.0001    0.0001  
     mu             1       
     force          18       -0.0043   -0.0038    0         0         0       
  1:
     dim           3
     geoms         floor : 22
     exclude       0
     efc_address   12
     solref         0.02      1       
     solimp         0.9       0.95      0.001     0.5       2       
     dist          -8.5e-05 
     includemargin  0       
     pos            0.51     -0.28     -4.3e-05 
     frame          0         0         1         0.64      0.77      0        -0.77      0.64      0       
     friction       1         1         0.005     0.0001    0.0001  
     mu             1       
     force          33       -0.032    -0.017     0         0         0       
  2:
     dim           3
     geoms         floor : 23
     exclude       0
     efc_address   16
     solref         0.02      1       
     solimp         0.9       0.95      0.001     0.5       2       
     dist          -8.5e-05 
     includemargin  0       
     pos            0.51     -0.28     -4.3e-05 
     frame          0         0         1         0.57      0.82      0        -0.82      0.57      0       
     friction       1         1         0.005     0.0001    0.0001  
     mu             1       
     force          33       -0.034    -0.014     0         0         0       
  3:
     dim           3
     geoms         floor : 23
     exclude       0
     efc_address   20
     solref         0.02      1       
     solimp         0.9       0.95      0.001     0.5       2       
     dist          -0.00045 
     includemargin  0       
     pos            0.27     -0.63     -0.00023 
     frame          0         0         1         0.57      0.82      0        -0.82      0.57      0       
     friction       1         1         0.005     0.0001    0.0001  
     mu             1       
     force          2.3e+02  -0.043    -0.0054    0         0         0       
  4:
     dim           3
     geoms         floor : 27
     exclude       0
     efc_address   24
     solref         0.02      1       
     solimp         0.9       0.95      0.001     0.5       2       
     dist          -0.00027 
     includemargin  0       
     pos            0.39     -0.22     -0.00013 
     frame          0         0         1         0         1         0        -1         0         0       
     friction       1         1         0.005     0.0001    0.0001  
     mu             1       
     force          34        0.05     -0.024     0         0         0       
  5:
     dim           3
     geoms         floor : helmet
     exclude       0
     efc_address   28
     solref         0.02      1       
     solimp         0.9       0.95      0.001     0.5       2       
     dist          -0.00014 
     includemargin  0       
     pos           -0.39     -0.054    -7.2e-05 
     frame          0         0         1         0         1         0        -1         0         0       
     friction       1         1         0.005     0.0001    0.0001  
     mu             1       
     force          1.2e+02  -0.22      0.12      0         0         0       
  6:
     dim           3
     geoms         floor : 42
     exclude       0
     efc_address   32
     solref         0.02      1       
     solimp         0.9       0.95      0.001     0.5       2       
     dist          -0.00015 
     includemargin  0       
     pos            0.26     -0.096    -7.3e-05 
     frame          0         0         1        -0.98      0.21      0        -0.21     -0.98      0       
     friction       1         1         0.005     0.0001    0.0001  
     mu             1       
     force          14       -0.078    -0.065     0         0         0       
  7:
     dim           3
     geoms         floor : 45
     exclude       0
     efc_address   36
     solref         0.02      1       
     solimp         0.9       0.95      0.001     0.5       2       
     dist          -9.4e-05 
     includemargin  0       
     pos            0.069     0.12     -4.7e-05 
     frame          0         0         1         0         1         0        -1         0         0       
     friction       1         1         0.005     0.0001    0.0001  
     mu             1       
     force          4.9       0.19     -0.22      0         0         0       
  8:
     dim           3
     geoms         floor : 50
     exclude       0
     efc_address   40
     solref         0.02      1       
     solimp         0.9       0.95      0.001     0.5       2       
     dist          -0.00014 
     includemargin  0       
     pos            0.0064   -0.45     -6.9e-05 
     frame          0         0         1        -0.97      0.25      0        -0.25     -0.97      0       
     friction       1         1         0.005     0.0001    0.0001  
     mu             1       
     force          14        0.1       0.11      0         0         0       
  9:
     dim           3
     geoms         floor : 53
     exclude       0
     efc_address   44
     solref         0.02      1       
     solimp         0.9       0.95      0.001     0.5       2       
     dist          -6.7e-05 
     includemargin  0       
     pos            0.29     -0.42     -3.4e-05 
     frame          0         0         1         0         1         0        -1         0         0       
     friction       1         1         0.005     0.0001    0.0001  
     mu             1       
     force          3.5       0.13      0.057     0         0         0       
  10:
     dim           3
     geoms         3 : 18
     exclude       0
     efc_address   48
     solref         0.02      1       
     solimp         0.9       0.95      0.001     0.5       2       
     dist          -8e-05   
     includemargin  0       
     pos            0.35     -0.49      0.21    
     frame         -0.21     -0.61     -0.77     -0.24     -0.73      0.64     -0.95      0.32      2.8e-17 
     friction       1         1         0.005     0.0001    0.0001  
     mu             1       
     force          19       -2e-06    -7.5e-07   0         0         0       
  11:
     dim           3
     geoms         26 : 42
     exclude       0
     efc_address   52
     solref         0.02      1       
     solimp         0.9       0.95      0.001     0.5       2       
     dist          -4e-05   
     includemargin  0       
     pos            0.14     -0.081     0.069   
     frame          0.003     0.42     -0.91     -0.0014    0.91      0.42      1         0         0.0033  
     friction       1         1         0.005     0.0001    0.0001  
     mu             1       
     force          2.1      -0.12     -0.031     0         0         0       
  12:
     dim           3
     geoms         31 : 44
     exclude       0
     efc_address   56
     solref         0.02      1       
     solimp         0.9       0.95      0.001     0.5       2       
     dist          -3.6e-05 
     includemargin  0       
     pos            0.24     -0.022     0.046   
     frame         -0.54     -0.51     -0.67     -0.49     -0.46      0.74     -0.68      0.73     -2.8e-17 
     friction       1         1         0.005     0.0001    0.0001  
     mu             1       
     force          0.81      0.011    -0.014     0         0         0       

EFC_TYPE
  3
  3
  3
  3
  3
  3
  3
  3
  6
  6
  6
  6
  6
  6
  6
  6
  6
  6
  6
  6
  6
  6
  6
  6
  6
  6
  6
  6
  6
  6
  6
  6
  6
  6
  6
  6
  6
  6
  6
  6
  6
  6
  6
  6
  6
  6
  6
  6
  6
  6
  6
  6
  6
  6
  6
  6
  6
  6
  6
  6

EFC_ID
  2
  4
  5
  6
  8
  10
  17
  18
  0
  0
  0
  0
  1
  1
  1
  1
  2
  2
  2
  2
  3
  3
  3
  3
  4
  4
  4
  4
  5
  5
  5
  5
  6
  6
  6
  6
  7
  7
  7
  7
  8
  8
  8
  8
  9
  9
  9
  9
  10
  10
  10
  10
  11
  11
  11
  11
  12
  12
  12
  12

EFC_J
   0         0         0         0         0         0         0        -1         0         0         0         0         0         0         0         0         0         0         0         0         0         0         0         0         0       
   0         0         0         0         0         0         0         0         0         1         0         0         0         0         0         0         0         0         0         0         0         0         0         0         0       
   0         0         0         0         0         0         0         0         0         0         1         0         0         0         0         0         0         0         0         0         0         0         0         0         0       
   0         0         0         0         0         0         0         0         0         0         0         1         0         0         0         0         0         0         0         0         0         0         0         0         0       
   0         0         0         0         0         0         0         0         0         0         0         0         0        -1         0         0         0         0         0         0         0         0         0         0         0       
   0         0         0         0         0         0         0         0         0         0         0         0         0         0         0         1         0         0         0         0         0         0         0         0         0       
   0         0         0         0         0         0         0         0         0         0         0         0         0         0         0         0         0         0         0         0         0         0        -1         0         0       
   0         0         0         0         0         0         0         0         0         0         0         0         0         0         0         0         0         0         0         0         0         0         0        -1         0       
   0.59      0.81      1         0.4      -0.046    -1        -1.1       0.16     -0.63     -0.32     -0.042     0         0         0         0         0         0         0         0         0         0         0         0         0         0       
  -0.59     -0.81      1         0.14     -0.59     -0.49     -0.38     -0.014    -0.5      -0.35     -0.062     0         0         0         0         0         0         0         0         0         0         0         0         0         0       
  -0.81      0.59      1         0.42      0.45     -0.94     -0.9       0.28      0.077    -0.0049   -0.0077    0         0         0         0         0         0         0         0         0         0         0         0         0         0       
   0.81     -0.59      1         0.11     -1.1      -0.57     -0.54     -0.14     -1.2      -0.66     -0.096     0         0         0         0         0         0         0         0         0         0         0         0         0         0       
   0.64      0.77      1         0.21     -0.051    -0.53      0         0         0         0         0        -0.49      0.017     0.047     0         0         0         0         0         0         0         0         0         0         0       
  -0.64     -0.77      1         0.079    -0.24     -0.1       0         0         0         0         0        -0.22     -0.011     0.072     0         0         0         0         0         0         0         0         0         0         0       
  -0.77      0.64      1         0.11      0.23     -0.41      0         0         0         0         0        -0.45     -0.14      0.46      0         0         0         0         0         0         0         0         0         0         0       
   0.77     -0.64      1         0.17     -0.52     -0.22      0         0         0         0         0        -0.26      0.15     -0.34      0         0         0         0         0         0         0         0         0         0         0       
   0.57      0.82      1         0.2      -0.017    -0.54      0         0         0         0         0        -0.49      0.0028    0.084     0         0         0         0         0         0         0         0         0         0         0       
  -0.57     -0.82      1         0.082    -0.28     -0.093     0         0         0         0         0        -0.21      0.0027    0.035     0         0         0         0         0         0         0         0         0         0         0       
  -0.82      0.57      1         0.11      0.22     -0.39      0         0         0         0         0        -0.43     -0.14      0.46      0         0         0         0         0         0         0         0         0         0         0       
   0.82     -0.57      1         0.18     -0.51     -0.24      0         0         0         0         0        -0.27      0.15     -0.34      0         0         0         0         0         0         0         0         0         0         0       
   0.57      0.82      1         0.24      0.071    -0.13      0         0         0         0         0        -0.086     0.0026    0.021     0         0         0         0         0         0         0         0         0         0         0       
  -0.57     -0.82      1         0.12     -0.19      0.32      0         0         0         0         0         0.2       0.0025   -0.027     0         0         0         0         0         0         0         0         0         0         0       
  -0.82      0.57      1        -0.025    -0.067     0.12      0         0         0         0         0         0.071    -0.14     -0.023     0         0         0         0         0         0         0         0         0         0         0       
   0.82     -0.57      1         0.39     -0.052     0.072     0         0         0         0         0         0.044     0.15      0.017     0         0         0         0         0         0         0         0         0         0         0       
   0         1         1         0.0046    0.12     -0.49      0         0         0         0         0        -0.47     -0.21      0.18     -0.1       0         0         0         0         0         0         0         0         0         0       
   0        -1         1         0.045    -0.3      -0.097     0         0         0         0         0        -0.19     -0.045    -0.07      0.096     0         0         0         0         0         0         0         0         0         0       
  -1         0         1        -0.016     0.19     -0.24      0         0         0         0         0        -0.33     -0.25      0.42      0.04      0         0         0         0         0         0         0         0         0         0       
   1         0         1         0.065    -0.36     -0.35      0         0         0         0         0        -0.33     -0.0077   -0.31     -0.046     0         0         0         0         0         0         0         0         0         0       
   0         1         1        -0.94     -0.19     -0.026     0         0         0         0         0         0         0         0         0         0        -0.026     0         0         0         0         0         0         0         0       
   0        -1         1        -0.28      0.75      0.018     0         0         0         0         0         0         0         0         0         0         0.018     0         0         0         0         0         0         0         0       
  -1         0         1        -0.58      0.71      0.01      0         0         0         0         0         0         0         0         0         0         0.01      0         0         0         0         0         0         0         0       
   1         0         1        -0.64     -0.15     -0.018     0         0         0         0         0         0         0         0         0         0        -0.018     0         0         0         0         0         0         0         0       
  -0.98      0.21      1        -0.14      0.38     -0.34      0         0         0         0         0         0         0         0         0         0        -0.34     -0.28     -0.047     8.7e-19   0         0         0         0         0       
   0.98     -0.21      1        -0.13     -0.42     -0.32      0         0         0         0         0         0         0         0         0         0        -0.32     -0.41     -0.068    -8.7e-19   0         0         0         0         0       
  -0.21     -0.98      1        -0.067    -0.034    -0.16      0         0         0         0         0         0         0         0         0         0        -0.16     -0.28     -0.39      0.03      0         0         0         0         0       
   0.21      0.98      1        -0.21     -0.0089   -0.5       0         0         0         0         0         0         0         0         0         0        -0.5      -0.4       0.27     -0.03      0         0         0         0         0       
   0         1         1        -0.55      0.0096   -0.52      0         0         0         0         0         0         0         0         0         0        -0.52     -0.13      0.14     -0.22      0.15      0         0         0         0       
   0        -1         1        -0.25      0.15     -0.27      0         0         0         0         0         0         0         0         0         0        -0.27     -0.1      -0.14     -0.13     -0.23      0         0         0         0       
  -1         0         1        -0.3       0.67     -0.43      0         0         0         0         0         0         0         0         0         0        -0.43     -0.073     0.16     -0.15     -0.24      0         0         0         0       
   1         0         1        -0.5      -0.5      -0.37      0         0         0         0         0         0         0         0         0         0        -0.37     -0.16     -0.16     -0.2       0.16      0         0         0         0       
  -0.97      0.25      1        -0.28      0.12      0.17      0         0         0         0         0         0         0         0         0         0         0.17      0         0         0         0        -0.17      0.052    -2.3e-17   0       
   0.97     -0.25      1         0.064     0.028     0.021     0         0         0         0         0         0         0         0         0         0         0.021     0         0         0         0        -0.31      0.093    -3.3e-17   0       
  -0.25     -0.97      1         0.031     0.22      0.23      0         0         0         0         0         0         0         0         0         0         0.23      0         0         0         0        -0.32     -0.26      0.029     0       
   0.25      0.97      1        -0.24     -0.071    -0.04      0         0         0         0         0         0         0         0         0         0        -0.04      0         0         0         0        -0.16      0.4      -0.029     0       
   0         1         1         0.013     0.067    -0.26      0         0         0         0         0         0         0         0         0         0        -0.26      0         0         0         0        -0.25      0.74     -0.073    -0.38    
   0        -1         1         0.13     -0.18      0.088     0         0         0         0         0         0         0         0         0         0         0.088     0         0         0         0        -0.46     -0.44     -0.12      0.1     
  -1         0         1        -0.046     0.05      0.0085    0         0         0         0         0         0         0         0         0         0         0.0085    0         0         0         0        -0.31      0.078    -0.085    -0.13    
   1         0         1         0.19     -0.16     -0.18      0         0         0         0         0         0         0         0         0         0        -0.18      0         0         0         0        -0.41      0.22     -0.11     -0.15    
   0         0         0         0         0         0        -0.14      0         0         0         0        -0.06      0         0         0         0         0         0         0         0         0         0         0         0         0       
   0         0         0         0         0         0        -0.028     0         0         0         0         0.15      0         0         0         0         0         0         0         0         0         0         0         0         0       
   0         0         0         0         0         0        -0.1       0         0         0         0         0.004     0         0         0         0         0         0         0         0         0         0         0         0         0       
   0         0         0         0         0         0        -0.063     0         0         0         0         0.082     0         0         0         0         0         0         0         0         0         0         0         0         0       
   0         0         0         0         0         0         0         0         0         0         0        -0.11     -0.14      0.2       0.47      0         0.017     0.056     0.28      0.029     0         0         0         0         0       
   0         0         0         0         0         0         0         0         0         0         0        -0.42     -0.57      0.01     -0.18      0         0.4       0.31     -0.044    -0.029     0         0         0         0         0       
   0         0         0         0         0         0         0         0         0         0         0        -0.34     -0.42      0.62      0.34      0         0.23      0.17      0.17      0.007     0         0         0         0         0       
   0         0         0         0         0         0         0         0         0         0         0        -0.2      -0.3      -0.41     -0.046     0         0.19      0.19      0.06     -0.007     0         0         0         0         0       
   0         0         0         0         0         0         0         0         0         0         0         0.038     0.057    -0.62     -0.5       0.02      0.077     0.05     -0.28     -0.013    -0.085     0         0         0         0       
   0         0         0         0         0         0         0         0         0         0         0        -0.58     -0.52      0.066    -0.013     0.029     0.53      0.43      0.048     0.093     0.0086    0         0         0         0       
   0         0         0         0         0         0         0         0         0         0         0        -0.17     -0.13     -0.65     -0.24     -0.11      0.2       0.22      0.1       0.052    -0.053     0         0         0         0       
   0         0         0         0         0         0         0         0         0         0         0        -0.37     -0.33      0.092    -0.27      0.16      0.41      0.26     -0.34      0.028    -0.023     0         0         0         0       

IEFC_J
   0         0         0         0         0         0         0        -1         0         0         0         0         0         0         0         0         0         0         0         0         0         0         0         0         0       
   0         0         0         0         0         0         0         0         0         1         0         0         0         0         0         0         0         0         0         0         0         0         0         0         0       
   0         0         0         0         0         0         0         0         0         0         1         0         0         0         0         0         0         0         0         0         0         0         0         0         0       
   0         0         0         0         0         0         0         0         0         0         0         1         0         0         0         0         0         0         0         0         0         0         0         0         0       
   0         0         0         0         0         0         0         0         0         0         0         0         0        -1         0         0         0         0         0         0         0         0         0         0         0       
   0         0         0         0         0         0         0         0         0         0         0         0         0         0         0         1         0         0         0         0         0         0         0         0         0       
   0         0         0         0         0         0         0         0         0         0         0         0         0         0         0         0         0         0         0         0         0         0        -1         0         0       
   0         0         0         0         0         0         0         0         0         0         0         0         0         0         0         0         0         0         0         0         0         0         0        -1         0       
   0.59      0.81      1         0.4      -0.046    -1        -1.1       0.16     -0.63     -0.32     -0.042     0         0         0         0         0         0         0         0         0         0         0         0         0         0       
  -0.59     -0.81      1         0.14     -0.59     -0.49     -0.38     -0.014    -0.5      -0.35     -0.062     0         0         0         0         0         0         0         0         0         0         0         0         0         0       
  -0.81      0.59      1         0.42      0.45     -0.94     -0.9       0.28      0.077    -0.0049   -0.0077    0         0         0         0         0         0         0         0         0         0         0         0         0         0       
   0.81     -0.59      1         0.11     -1.1      -0.57     -0.54     -0.14     -1.2      -0.66     -0.096     0         0         0         0         0         0         0         0         0         0         0         0         0         0       
   0.64      0.77      1         0.21     -0.051    -0.53      0         0         0         0         0        -0.49      0.017     0.047     0         0         0         0         0         0         0         0         0         0         0       
  -0.64     -0.77      1         0.079    -0.24     -0.1       0         0         0         0         0        -0.22     -0.011     0.072     0         0         0         0         0         0         0         0         0         0         0       
  -0.77      0.64      1         0.11      0.23     -0.41      0         0         0         0         0        -0.45     -0.14      0.46      0         0         0         0         0         0         0         0         0         0         0       
   0.77     -0.64      1         0.17     -0.52     -0.22      0         0         0         0         0        -0.26      0.15     -0.34      0         0         0         0         0         0         0         0         0         0         0       
   0.57      0.82      1         0.2      -0.017    -0.54      0         0         0         0         0        -0.49      0.0028    0.084     0         0         0         0         0         0         0         0         0         0         0       
  -0.57     -0.82      1         0.082    -0.28     -0.093     0         0         0         0         0        -0.21      0.0027    0.035     0         0         0         0         0         0         0         0         0         0         0       
  -0.82      0.57      1         0.11      0.22     -0.39      0         0         0         0         0        -0.43     -0.14      0.46      0         0         0         0         0         0         0         0         0         0         0       
   0.82     -0.57      1         0.18     -0.51     -0.24      0         0         0         0         0        -0.27      0.15     -0.34      0         0         0         0         0         0         0         0         0         0         0       
   0.57      0.82      1         0.24      0.071    -0.13      0         0         0         0         0        -0.086     0.0026    0.021     0         0         0         0         0         0         0         0         0         0         0       
  -0.57     -0.82      1         0.12     -0.19      0.32      0         0         0         0         0         0.2       0.0025   -0.027     0         0         0         0         0         0         0         0         0         0         0       
  -0.82      0.57      1        -0.025    -0.067     0.12      0         0         0         0         0         0.071    -0.14     -0.023     0         0         0         0         0         0         0         0         0         0         0       
   0.82     -0.57      1         0.39     -0.052     0.072     0         0         0         0         0         0.044     0.15      0.017     0         0         0         0         0         0         0         0         0         0         0       
   0         1         1         0.0046    0.12     -0.49      0         0         0         0         0        -0.47     -0.21      0.18     -0.1       0         0         0         0         0         0         0         0         0         0       
   0        -1         1         0.045    -0.3      -0.097     0         0         0         0         0        -0.19     -0.045    -0.07      0.096     0         0         0         0         0         0         0         0         0         0       
  -1         0         1        -0.016     0.19     -0.24      0         0         0         0         0        -0.33     -0.25      0.42      0.04      0         0         0         0         0         0         0         0         0         0       
   1         0         1         0.065    -0.36     -0.35      0         0         0         0         0        -0.33     -0.0077   -0.31     -0.046     0         0         0         0         0         0         0         0         0         0       
   0         1         1        -0.94     -0.19     -0.026     0         0         0         0         0         0         0         0         0         0        -0.026     0         0         0         0         0         0         0         0       
   0        -1         1        -0.28      0.75      0.018     0         0         0         0         0         0         0         0         0         0         0.018     0         0         0         0         0         0         0         0       
  -1         0         1        -0.58      0.71      0.01      0         0         0         0         0         0         0         0         0         0         0.01      0         0         0         0         0         0         0         0       
   1         0         1        -0.64     -0.15     -0.018     0         0         0         0         0         0         0         0         0         0        -0.018     0         0         0         0         0         0         0         0       
  -0.98      0.21      1        -0.14      0.38     -0.34      0         0         0         0         0         0         0         0         0         0        -0.34     -0.28     -0.047     8.7e-19   0         0         0         0         0       
   0.98     -0.21      1        -0.13     -0.42     -0.32      0         0         0         0         0         0         0         0         0         0        -0.32     -0.41     -0.068    -8.7e-19   0         0         0         0         0       
  -0.21     -0.98      1        -0.067    -0.034    -0.16      0         0         0         0         0         0         0         0         0         0        -0.16     -0.28     -0.39      0.03      0         0         0         0         0       
   0.21      0.98      1        -0.21     -0.0089   -0.5       0         0         0         0         0         0         0         0         0         0        -0.5      -0.4       0.27     -0.03      0         0         0         0         0       
   0         1         1        -0.55      0.0096   -0.52      0         0         0         0         0         0         0         0         0         0        -0.52     -0.13      0.14     -0.22      0.15      0         0         0         0       
   0        -1         1        -0.25      0.15     -0.27      0         0         0         0         0         0         0         0         0         0        -0.27     -0.1      -0.14     -0.13     -0.23      0         0         0         0       
  -1         0         1        -0.3       0.67     -0.43      0         0         0         0         0         0         0         0         0         0        -0.43     -0.073     0.16     -0.15     -0.24      0         0         0         0       
   1         0         1        -0.5      -0.5      -0.37      0         0         0         0         0         0         0         0         0         0        -0.37     -0.16     -0.16     -0.2       0.16      0         0         0         0       
  -0.97      0.25      1        -0.28      0.12      0.17      0         0         0         0         0         0         0         0         0         0         0.17      0         0         0         0        -0.17      0.052    -2.3e-17   0       
   0.97     -0.25      1         0.064     0.028     0.021     0         0         0         0         0         0         0         0         0         0         0.021     0         0         0         0        -0.31      0.093    -3.3e-17   0       
  -0.25     -0.97      1         0.031     0.22      0.23      0         0         0         0         0         0         0         0         0         0         0.23      0         0         0         0        -0.32     -0.26      0.029     0       
   0.25      0.97      1        -0.24     -0.071    -0.04      0         0         0         0         0         0         0         0         0         0        -0.04      0         0         0         0        -0.16      0.4      -0.029     0       
   0         1         1         0.013     0.067    -0.26      0         0         0         0         0         0         0         0         0         0        -0.26      0         0         0         0        -0.25      0.74     -0.073    -0.38    
   0        -1         1         0.13     -0.18      0.088     0         0         0         0         0         0         0         0         0         0         0.088     0         0         0         0        -0.46     -0.44     -0.12      0.1     
  -1         0         1        -0.046     0.05      0.0085    0         0         0         0         0         0         0         0         0         0         0.0085    0         0         0         0        -0.31      0.078    -0.085    -0.13    
   1         0         1         0.19     -0.16     -0.18      0         0         0         0         0         0         0         0         0         0        -0.18      0         0         0         0        -0.41      0.22     -0.11     -0.15    
   0         0         0         0         0         0        -0.14      0         0         0         0        -0.06      0         0         0         0         0         0         0         0         0         0         0         0         0       
   0         0         0         0         0         0        -0.028     0         0         0         0         0.15      0         0         0         0         0         0         0         0         0         0         0         0         0       
   0         0         0         0         0         0        -0.1       0         0         0         0         0.004     0         0         0         0         0         0         0         0         0         0         0         0         0       
   0         0         0         0         0         0        -0.063     0         0         0         0         0.082     0         0         0         0         0         0         0         0         0         0         0         0         0       
   0         0         0         0         0         0         0         0         0         0         0        -0.11     -0.14      0.2       0.47      0         0.017     0.056     0.28      0.029     0         0         0         0         0       
   0         0         0         0         0         0         0         0         0         0         0        -0.42     -0.57      0.01     -0.18      0         0.4       0.31     -0.044    -0.029     0         0         0         0         0       
   0         0         0         0         0         0         0         0         0         0         0        -0.34     -0.42      0.62      0.34      0         0.23      0.17      0.17      0.007     0         0         0         0         0       
   0         0         0         0         0         0         0         0         0         0         0        -0.2      -0.3      -0.41     -0.046     0         0.19      0.19      0.06     -0.007     0         0         0         0         0       
   0         0         0         0         0         0         0         0         0         0         0         0.038     0.057    -0.62     -0.5       0.02      0.077     0.05     -0.28     -0.013    -0.085     0         0         0         0       
   0         0         0         0         0         0         0         0         0         0         0        -0.58     -0.52      0.066    -0.013     0.029     0.53      0.43      0.048     0.093     0.0086    0         0         0         0       
   0         0         0         0         0         0         0         0         0         0         0        -0.17     -0.13     -0.65     -0.24     -0.11      0.2       0.22      0.1       0.052    -0.053     0         0         0         0       
   0         0         0         0         0         0         0         0         0         0         0        -0.37     -0.33      0.092    -0.27      0.16      0.41      0.26     -0.34      0.028    -0.023     0         0         0         0       

EFC_POS
  -0.00017 
  -0.00058 
  -0.00032 
  -0.0018  
  -0.00033 
  -1.3e-05 
  -1.3e-05 
  -4.6e-05 
  -0.00037 
  -0.00037 
  -0.00037 
  -0.00037 
  -8.5e-05 
  -8.5e-05 
  -8.5e-05 
  -8.5e-05 
  -8.5e-05 
  -8.5e-05 
  -8.5e-05 
  -8.5e-05 
  -0.00045 
  -0.00045 
  -0.00045 
  -0.00045 
  -0.00027 
  -0.00027 
  -0.00027 
  -0.00027 
  -0.00014 
  -0.00014 
  -0.00014 
  -0.00014 
  -0.00015 
  -0.00015 
  -0.00015 
  -0.00015 
  -9.4e-05 
  -9.4e-05 
  -9.4e-05 
  -9.4e-05 
  -0.00014 
  -0.00014 
  -0.00014 
  -0.00014 
  -6.7e-05 
  -6.7e-05 
  -6.7e-05 
  -6.7e-05 
  -8e-05   
  -8e-05   
  -8e-05   
  -8e-05   
  -4e-05   
  -4e-05   
  -4e-05   
  -4e-05   
  -3.6e-05 
  -3.6e-05 
  -3.6e-05 
  -3.6e-05 

EFC_MARGIN
   0       
   0       
   0       
   0       
   0       
   0       
   0       
   0       
   0       
   0       
   0       
   0       
   0       
   0       
   0       
   0       
   0       
   0       
   0       
   0       
   0       
   0       
   0       
   0       
   0       
   0       
   0       
   0       
   0       
   0       
   0       
   0       
   0       
   0       
   0       
   0       
   0       
   0       
   0       
   0       
   0       
   0       
   0       
   0       
   0       
   0       
   0       
   0       
   0       
   0       
   0       
   0       
   0       
   0       
   0       
   0       
   0       
   0       
   0       
   0       

EFC_FRICTIONLOSS
   0       
   0       
   0       
   0       
   0       
   0       
   0       
   0       
   0       
   0       
   0       
   0       
   0       
   0       
   0       
   0       
   0       
   0       
   0       
   0       
   0       
   0       
   0       
   0       
   0       
   0       
   0       
   0       
   0       
   0       
   0       
   0       
   0       
   0       
   0       
   0       
   0       
   0       
   0       
   0       
   0       
   0       
   0       
   0       
   0       
   0       
   0       
   0       
   0       
   0       
   0       
   0       
   0       
   0       
   0       
   0       
   0       
   0       
   0       
   0       

EFC_DIAGA
   1.5     
   7       
   9.6     
   7.3     
   2.5     
   9.6     
   4.1     
   8.4     
   2.3     
   2.3     
   2.3     
   2.3     
   0.23    
   0.23    
   0.23    
   0.23    
   0.23    
   0.23    
   0.23    
   0.23    
   0.23    
   0.23    
   0.23    
   0.23    
   0.78    
   0.78    
   0.78    
   0.78    
   0.11    
   0.11    
   0.11    
   0.11    
   0.94    
   0.94    
   0.94    
   0.94    
   1.7     
   1.7     
   1.7     
   1.7     
   0.94    
   0.94    
   0.94    
   0.94    
   1.7     
   1.7     
   1.7     
   1.7     
   0.39    
   0.39    
   0.39    
   0.39    
   1.7     
   1.7     
   1.7     
   1.7     
   4       
   4       
   4       
   4       

EFC_KBIP
   2.8e+03   1.1e+02   0.9      -34      
   2.8e+03   1.1e+02   0.93     -84      
   2.8e+03   1.1e+02   0.91     -64      
   2.8e+03   1.1e+02   0.95      0       
   2.8e+03   1.1e+02   0.91     -66      
   2.8e+03   1.1e+02   0.9      -2.6     
   2.8e+03   1.1e+02   0.9      -2.7     
   2.8e+03   1.1e+02   0.9      -9.2     
   2.8e+03   1.1e+02   0.91     -74      
   2.8e+03   1.1e+02   0.91     -74      
   2.8e+03   1.1e+02   0.91     -74      
   2.8e+03   1.1e+02   0.91     -74      
   2.8e+03   1.1e+02   0.9      -17      
   2.8e+03   1.1e+02   0.9      -17      
   2.8e+03   1.1e+02   0.9      -17      
   2.8e+03   1.1e+02   0.9      -17      
   2.8e+03   1.1e+02   0.9      -17      
   2.8e+03   1.1e+02   0.9      -17      
   2.8e+03   1.1e+02   0.9      -17      
   2.8e+03   1.1e+02   0.9      -17      
   2.8e+03   1.1e+02   0.92     -91      
   2.8e+03   1.1e+02   0.92     -91      
   2.8e+03   1.1e+02   0.92     -91      
   2.8e+03   1.1e+02   0.92     -91      
   2.8e+03   1.1e+02   0.91     -54      
   2.8e+03   1.1e+02   0.91     -54      
   2.8e+03   1.1e+02   0.91     -54      
   2.8e+03   1.1e+02   0.91     -54      
   2.8e+03   1.1e+02   0.9      -29      
   2.8e+03   1.1e+02   0.9      -29      
   2.8e+03   1.1e+02   0.9      -29      
   2.8e+03   1.1e+02   0.9      -29      
   2.8e+03   1.1e+02   0.9      -29      
   2.8e+03   1.1e+02   0.9      -29      
   2.8e+03   1.1e+02   0.9      -29      
   2.8e+03   1.1e+02   0.9      -29      
   2.8e+03   1.1e+02   0.9      -19      
   2.8e+03   1.1e+02   0.9      -19      
   2.8e+03   1.1e+02   0.9      -19      
   2.8e+03   1.1e+02   0.9      -19      
   2.8e+03   1.1e+02   0.9      -28      
   2.8e+03   1.1e+02   0.9      -28      
   2.8e+03   1.1e+02   0.9      -28      
   2.8e+03   1.1e+02   0.9      -28      
   2.8e+03   1.1e+02   0.9      -13      
   2.8e+03   1.1e+02   0.9      -13      
   2.8e+03   1.1e+02   0.9      -13      
   2.8e+03   1.1e+02   0.9      -13      
   2.8e+03   1.1e+02   0.9      -16      
   2.8e+03   1.1e+02   0.9      -16      
   2.8e+03   1.1e+02   0.9      -16      
   2.8e+03   1.1e+02   0.9      -16      
   2.8e+03   1.1e+02   0.9      -8.1     
   2.8e+03   1.1e+02   0.9      -8.1     
   2.8e+03   1.1e+02   0.9      -8.1     
   2.8e+03   1.1e+02   0.9      -8.1     
   2.8e+03   1.1e+02   0.9      -7.2     
   2.8e+03   1.1e+02   0.9      -7.2     
   2.8e+03   1.1e+02   0.9      -7.2     
   2.8e+03   1.1e+02   0.9      -7.2     

EFC_D
   6       
   2       
   1.1     
   2.6     
   4.1     
   0.94    
   2.2     
   1.1     
   4.7     
   4.7     
   4.7     
   4.7     
   39      
   39      
   39      
   39      
   39      
   39      
   39      
   39      
   50      
   50      
   50      
   50      
   13      
   13      
   13      
   13      
   82      
   82      
   82      
   82      
   9.9     
   9.9     
   9.9     
   9.9     
   5.2     
   5.2     
   5.2     
   5.2     
   9.8     
   9.8     
   9.8     
   9.8     
   5.2     
   5.2     
   5.2     
   5.2     
   24      
   24      
   24      
   24      
   5.3     
   5.3     
   5.3     
   5.3     
   2.3     
   2.3     
   2.3     
   2.3     

EFC_R
   0.17    
   0.51    
   0.94    
   0.38    
   0.24    
   1.1     
   0.46    
   0.93    
   0.21    
   0.21    
   0.21    
   0.21    
   0.025   
   0.025   
   0.025   
   0.025   
   0.025   
   0.025   
   0.025   
   0.025   
   0.02    
   0.02    
   0.02    
   0.02    
   0.08    
   0.08    
   0.08    
   0.08    
   0.012   
   0.012   
   0.012   
   0.012   
   0.1     
   0.1     
   0.1     
   0.1     
   0.19    
   0.19    
   0.19    
   0.19    
   0.1     
   0.1     
   0.1     
   0.1     
   0.19    
   0.19    
   0.19    
   0.19    
   0.043   
   0.043   
   0.043   
   0.043   
   0.19    
   0.19    
   0.19    
   0.19    
   0.44    
   0.44    
   0.44    
   0.44    

ACTUATOR_VELOCITY
   1.6e-08 
  -2.7e-10 
   1e-06   
  -2.5e-11 
   2.1e-11 
  -1.1e-08 
   2.8e-06 
   4.3e-07 
   0.00023 
  -2.3e-07 
  -0.00047 
   0.00048 
  -0.00018 
   0.00096 
  -0.00082 
  -0.00019 
   7.3e-08 
   1.1e-08 
   0.00077 

CVEL
   0         0         0         0         0         0       
  -9.7e-07  -1.8e-06   2.4e-06   6.5e-07   3.8e-06  -4.2e-07 
  -9.8e-07  -1.8e-06   2.4e-06   6.4e-07   3.8e-06  -4.2e-07 
  -9.8e-07  -1.8e-06   2.4e-06   6.4e-07   3.8e-06  -4.2e-07 
  -1.1e-06  -1e-06     3e-06     4.1e-07   3.7e-06  -3.5e-07 
  -1.1e-06  -1e-06     3e-06     4.1e-07   3.7e-06  -3.5e-07 
  -1.1e-06  -1e-06     3e-06     4.1e-07   3.7e-06  -3.5e-07 
  -9.6e-07  -1.8e-06   2.4e-06   6.4e-07   3.8e-06  -4.2e-07 
  -2.6e-06  -4.2e-06   2.4e-06   6.3e-07   3.8e-06  -1.1e-06 
  -2.5e-06  -4.2e-06   2.8e-06   5.3e-07   3.7e-06  -1e-06   
   2.6e-05  -2.4e-05   0.00023   2.1e-05  -7.4e-05  -1e-05   
   2.6e-05  -2.4e-05   0.00023   2.1e-05  -7.4e-05  -1e-05   
   0.00038  -0.00026   0.00011   1.2e-06   1.6e-05   2.7e-05 
   0.00047   0.0002    2.8e-05   1.2e-05  -1.2e-05  -0.00012 
   0.00045   0.00017  -0.00014  -5e-05    -5e-05    -0.00011 
  -0.00049   0.00038  -5.1e-05   4.5e-07   5.7e-05   0.00017 
  -0.00039   0.00045   0.00076   0.00025  -3.3e-05   0.00015 
   0.00022  -0.00036   0.00011  -3.5e-06   2.2e-05   7.4e-05 
   0.00022  -0.00036   0.00011  -3.5e-06   2.2e-05   7.4e-05 
   0.00022  -0.00036   0.00011  -3.5e-06   2.2e-05   7.4e-05 
   0.00018   2.7e-05  -0.00056   8.1e-05  -7.9e-05   1.2e-05 

CDOF_DOT
   0         0         0         0         0         0       
   0         0         0         0         0         0       
   0         0         0         0         0         0       
   0        -0         0         1.3e-06  -9.2e-08   1.7e-06 
   0         0         0         3.5e-06  -6.9e-07   9.3e-08 
  -0         0         0        -6.7e-07   4.6e-07   3.5e-06 
  -9e-07    -2.1e-06  -2e-06    -3.8e-07   3.4e-07   3.4e-06 
   2.5e-07  -7.5e-07  -4.8e-07   2.7e-06  -2.8e-07   1.9e-06 
  -3e-06     2.4e-07  -1e-06     2.7e-06  -7.9e-07   7.5e-07 
  -3e-06     2.4e-07  -1e-06     2.8e-06   3.9e-07   1.2e-06 
  -3e-06     2.4e-07  -1e-06     3.1e-06   1.4e-06   1.6e-06 
  -9e-07    -2.1e-06  -2e-06    -5.4e-07   5.2e-07   3.4e-06 
   2e-06    -1.4e-06  -2.6e-07   5.5e-08   1.2e-08   1.6e-06 
  -3.9e-06   2.8e-06   7.3e-07   3.8e-06  -1.3e-06  -1.2e-06 
  -3.9e-06   2.8e-06   7.3e-07   4.7e-06  -5e-07     7.1e-07 
  -3.9e-06   2.8e-06   7.3e-07  -8.1e-05   3.7e-05   1.4e-05 
  -9e-07    -2.1e-06  -2e-06    -4.6e-07   4.3e-07   3.4e-06 
  -6.2e-05   8.6e-05   0.00042   5.9e-05   0.00012  -1.8e-05 
   0.00019  -0.00046   4.4e-05  -1.6e-05   2e-05     3.4e-05 
   4.7e-05   9.7e-05   0.00026   8.4e-05  -2.8e-05  -1.9e-05 
  -0.00038  -0.00047   8.8e-05  -2.6e-05   8.5e-06   6.7e-05 
  -6.1e-05   8.8e-05   0.00042   5.9e-05   0.00012  -1.9e-05 
  -0.00031  -0.0002   -1.2e-05  -5.2e-05  -1.6e-05   9.2e-05 
  -9.3e-05  -0.00014  -0.00029   1e-05    -4.4e-05   5.8e-05 
   0.00026   0.00018   9.2e-05  -1.3e-05   2.3e-05   1e-05   

QFRC_BIAS
  -1.2e-07 
   1.7e-08 
   5e+02   
  -20      
   1.8     
  -29      
  -14      
  -1.3     
  -10      
  -2.9     
  -0.06    
  -9.1     
  -4.5     
   1.7     
  -0.067   
   0.053   
  -5.5     
  -4.9     
  -0.69    
  -0.85    
  -0.15    
  -4.5     
   1.5     
  -0.46    
  -0.52    

QFRC_SPRING
   0       
   0       
   0       
   0       
   0       
   0       
   0       
   0       
   0       
   0       
   0       
   0       
   0       
   0       
   0       
   0       
   0       
   0       
   0       
   0       
   0       
   0       
   0       
   0       
   0       

QFRC_DAMPER
   0       
   0       
   0       
   0       
   0       
   0       
  -1.6e-08 
   2.7e-10 
  -1e-06   
   2.5e-11 
  -2.1e-11 
   1.1e-08 
  -2.8e-06 
  -4.3e-07 
  -0.00023 
   2.3e-07 
   0.00047 
  -0.00048 
   0.00018 
  -0.00096 
   0.00082 
   0.00019 
  -7.3e-08 
  -1.1e-08 
  -0.00077 

QFRC_GRAVCOMP
   0       
   0       
   0       
   0       
   0       
   0       
   0       
   0       
   0       
   0       
   0       
   0       
   0       
   0       
   0       
   0       
   0       
   0       
   0       
   0       
   0       
   0       
   0       
   0       
   0       

QFRC_FLUID
   0       
   0       
   0       
   0       
   0       
   0       
   0       
   0       
   0       
   0       
   0       
   0       
   0       
   0       
   0       
   0       
   0       
   0       
   0       
   0       
   0       
   0       
   0       
   0       
   0       

QFRC_PASSIVE
   0       
   0       
   0       
   0       
   0       
   0       
  -1.6e-08 
   2.7e-10 
  -1e-06   
   2.5e-11 
  -2.1e-11 
   1.1e-08 
  -2.8e-06 
  -4.3e-07 
  -0.00023 
   2.3e-07 
   0.00047 
  -0.00048 
   0.00018 
  -0.00096 
   0.00082 
   0.00019 
  -7.3e-08 
  -1.1e-08 
  -0.00077 

EFC_VEL
   2.7e-10 
  -2.5e-11 
   2.1e-11 
  -1.1e-08 
  -4.3e-07 
  -2.3e-07 
  -7.3e-08 
  -1.1e-08 
   4.3e-06 
  -4.3e-06 
   3.8e-06 
  -3.8e-06 
   4e-06   
  -3.7e-06 
   2.2e-06 
  -1.9e-06 
   4.2e-06 
  -3.9e-06 
   1.8e-06 
  -1.5e-06 
   4.1e-06 
  -4.1e-06 
   5.2e-07 
  -5e-07   
  -2e-05   
   1.8e-05 
   8e-06   
  -1e-05   
   1.3e-05 
  -1.3e-05 
  -6.9e-06 
   6.9e-06 
   3.8e-05 
  -3.7e-05 
   3.2e-05 
  -3.1e-05 
  -0.00017 
   0.00017 
   0.0002  
  -0.0002  
  -4.8e-05 
   4.8e-05 
  -5.2e-05 
   5.2e-05 
  -0.00012 
   0.00012 
  -5.1e-05 
   5.2e-05 
  -1.5e-09 
  -2e-09   
  -1.7e-09 
  -1.8e-09 
   0.00011 
  -0.00011 
   2.9e-05 
  -2.7e-05 
  -2.3e-05 
   2.5e-05 
   3e-05   
  -2.8e-05 

EFC_AREF
   0.42    
   1.5     
   0.81    
   4.6     
   0.84    
   0.033   
   0.033   
   0.12    
   0.94    
   0.94    
   0.94    
   0.94    
   0.21    
   0.21    
   0.21    
   0.21    
   0.21    
   0.21    
   0.21    
   0.21    
   1.2     
   1.2     
   1.2     
   1.2     
   0.68    
   0.67    
   0.67    
   0.68    
   0.36    
   0.36    
   0.36    
   0.36    
   0.36    
   0.37    
   0.36    
   0.37    
   0.25    
   0.22    
   0.21    
   0.26    
   0.35    
   0.34    
   0.35    
   0.34    
   0.18    
   0.16    
   0.17    
   0.16    
   0.2     
   0.2     
   0.2     
   0.2     
   0.089   
   0.11    
   0.097   
   0.1     
   0.093   
   0.087   
   0.087   
   0.093   

SUBTREE_LINVEL
   0         0         0       
   0         0         0       
   0         0         0       
   0         0         0       
   0         0         0       
   0         0         0       
   0         0         0       
   0         0         0       
   0         0         0       
   0         0         0       
   0         0         0       
   0         0         0       
   0         0         0       
   0         0         0       
   0         0         0       
   0         0         0       
   0         0         0       
   0         0         0       
   0         0         0       
   0         0         0       
   0         0         0       

SUBTREE_ANGMOM
   0         0         0       
   0         0         0       
   0         0         0       
   0         0         0       
   0         0         0       
   0         0         0       
   0         0         0       
   0         0         0       
   0         0         0       
   0         0         0       
   0         0         0       
   0         0         0       
   0         0         0       
   0         0         0       
   0         0         0       
   0         0         0       
   0         0         0       
   0         0         0       
   0         0         0       
   0         0         0       
   0         0         0       

ACTUATOR_FORCE
   0       
   0       
   0       
   0       
   0       
   0       
   0       
   0       
   0       
   0       
   0       
   0       
   0       
   0       
   0       
   0       
   0       
   0       
   0       

QFRC_ACTUATOR
   0       
   0       
   0       
   0       
   0       
   0       
   0       
   0       
   0       
   0       
   0       
   0       
   0       
   0       
   0       
   0       
   0       
   0       
   0       
   0       
   0       
   0       
   0       
   0       
   0       

QFRC_SMOOTH
   1.2e-07 
  -1.7e-08 
  -5e+02   
   20      
  -1.8     
   29      
   14      
   1.3     
   10      
   2.9     
   0.06    
   9.1     
   4.5     
  -1.7     
   0.066   
  -0.053   
   5.5     
   4.9     
   0.69    
   0.85    
   0.16    
   4.5     
  -1.5     
   0.46    
   0.52    

QACC_SMOOTH
  -4.8e-06 
  -2.4e-05 
  -9.8     
   9.2e-05 
   8.6e-05 
  -0.00048 
   0.00045 
  -0.0001  
  -4.1e-05 
   2.4e-05 
   1.4e-05 
   0.0004  
   5.1e-05 
   0.00015 
  -0.0012  
  -1.6e-05 
   0.0026  
  -0.003   
   0.001   
  -0.0088  
   0.0066  
   0.0015  
  -0.00063 
  -0.00014 
  -0.007   

EFC_B
  -0.42    
  -1.5     
  -0.81    
  -4.6     
  -0.84    
  -0.033   
  -0.033   
  -0.12    
  -11      
  -11      
  -11      
  -11      
  -10      
  -10      
  -10      
  -10      
  -10      
  -10      
  -10      
  -10      
  -11      
  -11      
  -11      
  -11      
  -10      
  -10      
  -10      
  -10      
  -10      
  -10      
  -10      
  -10      
  -10      
  -10      
  -10      
  -10      
  -10      
  -10      
  -10      
  -10      
  -10      
  -10      
  -10      
  -10      
  -10      
  -10      
  -10      
  -10      
  -0.2     
  -0.2     
  -0.2     
  -0.2     
  -0.09    
  -0.11    
  -0.098   
  -0.1     
  -0.093   
  -0.088   
  -0.088   
  -0.093   

EFC_FORCE
   2.5     
   3       
   0.86    
   12      
   3.4     
   0.031   
   0.073   
   0.12    
   4.4     
   4.4     
   4.4     
   4.4     
   8.3     
   8.4     
   8.3     
   8.3     
   8.3     
   8.4     
   8.3     
   8.3     
   58      
   58      
   58      
   58      
   8.5     
   8.4     
   8.4     
   8.5     
   29      
   30      
   30      
   29      
   3.6     
   3.6     
   3.6     
   3.6     
   1.3     
   1.1     
   1.1     
   1.3     
   3.5     
   3.4     
   3.5     
   3.4     
   0.94    
   0.81    
   0.9     
   0.85    
   4.7     
   4.7     
   4.7     
   4.7     
   0.47    
   0.59    
   0.51    
   0.54    
   0.21    
   0.2     
   0.2     
   0.21    

EFC_STATE
  1
  1
  1
  1
  1
  1
  1
  1
  1
  1
  1
  1
  1
  1
  1
  1
  1
  1
  1
  1
  1
  1
  1
  1
  1
  1
  1
  1
  1
  1
  1
  1
  1
  1
  1
  1
  1
  1
  1
  1
  1
  1
  1
  1
  1
  1
  1
  1
  1
  1
  1
  1
  1
  1
  1
  1
  1
  1
  1
  1

QFRC_CONSTRAINT
  -2.6e-07 
  -2.7e-06 
   5e+02   
  -20      
   1.8     
  -29      
  -14      
  -1.3     
  -10      
  -2.9     
  -0.06    
  -9.1     
  -4.5     
   1.7     
  -0.066   
   0.053   
  -5.5     
  -4.9     
  -0.69    
  -0.85    
  -0.16    
  -4.5     
   1.5     
  -0.46    
  -0.52    

QFRC_INVERSE
   0       
   0       
   0       
   0       
   0       
   0       
   0       
   0       
   0       
   0       
   0       
   0       
   0       
   0       
   0       
   0       
   0       
   0       
   0       
   0       
   0       
   0       
   0       
   0       
   0       

CACC
   0         0         0         0         0         0       
   0         0         0         0         0         0       
   0         0         0         0         0         0       
   0         0         0         0         0         0       
   0         0         0         0         0         0       
   0         0         0         0         0         0       
   0         0         0         0         0         0       
   0         0         0         0         0         0       
   0         0         0         0         0         0       
   0         0         0         0         0         0       
   0         0         0         0         0         0       
   0         0         0         0         0         0       
   0         0         0         0         0         0       
   0         0         0         0         0         0       
   0         0         0         0         0         0       
   0         0         0         0         0         0       
   0         0         0         0         0         0       
   0         0         0         0         0         0       
   0         0         0         0         0         0       
   0         0         0         0         0         0       
   0         0         0         0         0         0       

CFRC_INT
   0         0         0         0         0         0       
   0         0         0         0         0         0       
   0         0         0         0         0         0       
   0         0         0         0         0         0       
   0         0         0         0         0         0       
   0         0         0         0         0         0       
   0         0         0         0         0         0       
   0         0         0         0         0         0       
   0         0         0         0         0         0       
   0         0         0         0         0         0       
   0         0         0         0         0         0       
   0         0         0         0         0         0       
   0         0         0         0         0         0       
   0         0         0         0         0         0       
   0         0         0         0         0         0       
   0         0         0         0         0         0       
   0         0         0         0         0         0       
   0         0         0         0         0         0       
   0         0         0         0         0         0       
   0         0         0         0         0         0       
   0         0         0         0         0         0       

CFRC_EXT
   0         0         0         0         0         0       
   0         0         0         0         0         0       
   0         0         0         0         0         0       
   0         0         0         0         0         0       
   0         0         0         0         0         0       
   0         0         0         0         0         0       
   0         0         0         0         0         0       
   0         0         0         0         0         0       
   0         0         0         0         0         0       
   0         0         0         0         0         0       
   0         0         0         0         0         0       
   0         0         0         0         0         0       
   0         0         0         0         0         0       
   0         0         0         0         0         0       
   0         0         0         0         0         0       
   0         0         0         0         0         0       
   0         0         0         0         0         0       
   0         0         0         0         0         0       
   0         0         0         0         0         0       
   0         0         0         0         0         0       
   0         0         0         0         0         0       

TREE_ISLAND
  0

ISLAND_NTREE
  1

ISLAND_ITREEADR
  0

MAP_ITREE2TREE
  0

DOF_ISLAND            0 0 0 0 0 0 0 0 0 0 0 0 0 0 0 0 0 0 0 0 0 0 0 0 0

ISLAND_NV             25

ISLAND_IDOFADR        0

MAP_IDOF2DOF          0 1 2 3 4 5 6 7 8 9 10 11 12 13 14 15 16 17 18 19 20 21 22 23 24

EFC_ISLAND            0 0 0 0 0 0 0 0 0 0 0 0 0 0 0 0 0 0 0 0 0 0 0 0 0 0 0 0 0 0 0 0 0 0 0 0 0 0 0 0 0 0 0 0 0 0 0 0 0 0 0 0 0 0 0 0 0 0 0 0

ISLAND_NEFC           60

ISLAND_IEFCADR        0

MAP_IEFC2EFC          0 1 2 3 4 5 6 7 8 9 10 11 12 13 14 15 16 17 18 19 20 21 22 23 24 25 26 27 28 29 30 31 32 33 34 35 36 37 38 39 40 41 42 43 44 45 46 47 48 49 50 51 52 53 54 55 56 57 58 59

